AGS;Gemeinde;STT;STADTTEIL;STADTVIERTEL ;Stand_Einwohner;EINW_HW_GESAMT;EINW_HW_FRAUEN;EINW_HW_DEUTSCH;EINW_HW_AUSLAENDER;EINW_HW_unter18;EINW_HW_18_bis_unter_30;EINW_HW_30_bis_unter_40;EINW_HW_40_bis_unter_50;EINW_HW_50_bis_unter_60;EINW_HW_60_und_aelter;Haushalte
8335043;Konstanz;"010";Altstadt;"0101";31.12.19;1321;656;1010;311;142;394;246;162;153;224;872
8335043;Konstanz;"010";Altstadt;"0102";31.12.19;1778;896;1424;354;275;420;303;204;219;357;1075
8335043;Konstanz;"010";Altstadt;"0103";31.12.19;2861;1488;2531;330;407;577;473;332;393;679;1680
8335043;Konstanz;"010";Altstadt;"0104";31.12.19;2155;1200;1923;232;300;442;281;272;312;548;1278
8335043;Konstanz;"010";Altstadt;"0105";31.12.19;1356;722;1211;145;226;304;231;178;188;229;772
8335043;Konstanz;"010";Altstadt;"0106";31.12.19;1207;608;997;210;108;359;244;112;140;244;830
8335043;Konstanz;"010";Altstadt;"0107";31.12.19;1460;766;1216;244;163;381;237;150;176;353;965
8335043;Konstanz;"010";Altstadt;"010";31.12.19;12138;6336;10312;1826;1621;2877;2015;1410;1581;2634;7472
8335043;Konstanz;"020";Paradies;"0201";31.12.19;2802;1502;2497;305;378;487;409;300;451;777;1680
8335043;Konstanz;"020";Paradies;"0202";31.12.19;1624;936;1452;172;182;325;216;161;227;513;1048
8335043;Konstanz;"020";Paradies;"0203";31.12.19;1072;454;816;256;12;1023;29;5;*);*);645
8335043;Konstanz;"020";Paradies;"0204";31.12.19;599;310;571;28;98;108;70;62;*);*);322
8335043;Konstanz;"020";Paradies;"020";31.12.19;6097;3202;5336;761;670;1943;724;528;800;1432;3695
8335043;Konstanz;"030";Petershausen-West;"0301";31.12.19;1016;525;772;244;145;275;166;109;123;198;610
8335043;Konstanz;"030";Petershausen-West;"0302";31.12.19;1691;836;1179;512;258;466;245;191;215;316;883
8335043;Konstanz;"030";Petershausen-West;"0303";31.12.19;6079;3110;4883;1196;816;1938;1066;590;688;981;3549
8335043;Konstanz;"030";Petershausen-West;"0304";31.12.19;3479;1722;2664;815;380;1155;558;322;394;670;2174
8335043;Konstanz;"030";Petershausen-West;"0305";31.12.19;1751;912;1496;255;268;395;213;183;260;432;976
8335043;Konstanz;"030";Petershausen-West;"0306";31.12.19;2005;1064;1692;313;212;608;296;226;258;405;1218
8335043;Konstanz;"030";Petershausen-West;"030";31.12.19;16021;8169;12686;3335;2079;4837;2544;1621;1938;3002;9410
8335043;Konstanz;"035";Petershausen-Ost;"0351";31.12.19;2136;1196;1704;432;308;562;263;211;260;532;1231
8335043;Konstanz;"035";Petershausen-Ost;"0352";31.12.19;1377;768;1238;139;194;214;168;128;190;483;784
8335043;Konstanz;"035";Petershausen-Ost;"0353";31.12.19;1259;666;1145;114;169;206;144;116;206;418;731
8335043;Konstanz;"035";Petershausen-Ost;"0354";31.12.19;1139;653;1051;88;126;71;71;95;132;644;635
8335043;Konstanz;"035";Petershausen-Ost;"0355";31.12.19;1337;684;1236;101;195;272;125;147;206;392;717
8335043;Konstanz;"035";Petershausen-Ost;"035";31.12.19;7248;3967;6374;874;992;1325;771;697;994;2469;4098
8335043;Konstanz;"040";Koenigsbau;"0401";31.12.19;1164;621;1024;140;121;363;92;115;165;308;718
8335043;Konstanz;"040";Koenigsbau;"0402";31.12.19;1572;861;1203;369;354;250;200;213;230;325;740
8335043;Konstanz;"040";Koenigsbau;"0403";31.12.19;2530;1301;1997;533;338;1261;256;156;160;359;1345
8335043;Konstanz;"040";Koenigsbau;"0404";31.12.19;915;468;793;122;150;200;114;94;141;216;488
8335043;Konstanz;"040";Koenigsbau;"040";31.12.19;6181;3251;5017;1164;963;2074;662;578;696;1208;3291
8335043;Konstanz;"050";Allmannsdorf;"0501";31.12.19;1683;899;1525;158;252;285;189;171;279;507;895
8335043;Konstanz;"050";Allmannsdorf;"0502";31.12.19;1347;712;1183;164;194;287;158;153;206;349;743
8335043;Konstanz;"050";Allmannsdorf;"0503";31.12.19;2318;1240;2087;231;277;544;279;207;348;663;1376
8335043;Konstanz;"050";Allmannsdorf;"050";31.12.19;5348;2851;4795;553;723;1116;626;531;833;1519;3014
8335043;Konstanz;"060";Staad;"0601";31.12.19;1008;529;928;80;128;146;101;112;157;364;575
8335043;Konstanz;"060";Staad;"0602";31.12.19;771;412;700;71;117;109;87;97;94;267;424
8335043;Konstanz;"060";Staad;"060";31.12.19;1779;941;1628;151;245;255;188;209;251;631;999
8335043;Konstanz;"070";Fuerstenberg;"0701";31.12.19;4425;2283;3510;915;620;1327;574;435;560;909;2552
8335043;Konstanz;"070";Fuerstenberg;"0702";31.12.19;3213;1648;2719;494;404;699;434;302;434;940;1826
8335043;Konstanz;"070";Fuerstenberg;"0703";31.12.19;2168;1121;1856;312;360;399;254;239;308;608;1146
8335043;Konstanz;"070";Fuerstenberg;"0704";31.12.19;2694;1398;1996;698;362;658;370;320;372;612;1576
8335043;Konstanz;"070";Fuerstenberg;"070";31.12.19;12500;6450;10081;2419;1746;3083;1632;1296;1674;3069;7100
8335043;Konstanz;"080";Wollmatingen;"0801";31.12.19;2768;1461;2171;597;603;470;390;311;417;577;1377
8335043;Konstanz;"080";Wollmatingen;"0802";31.12.19;2163;1078;1928;235;449;415;239;306;358;396;1035
8335043;Konstanz;"080";Wollmatingen;"0803";31.12.19;1844;965;1622;222;268;363;215;225;349;424;970
8335043;Konstanz;"080";Wollmatingen;"080";31.12.19;6775;3504;5721;1054;1320;1248;844;842;1124;1397;3382
8335043;Konstanz;"090";Industriegebiet;"0901";31.12.19;792;339;494;298;129;192;103;91;128;149;396
8335043;Konstanz;"090";Industriegebiet;"0902";31.12.19;132;54;82;50;14;35;17;21;27;18;78
8335043;Konstanz;"090";Industriegebiet;"0903";31.12.19;124;30;59;65;5;35;19;16;27;22;60
8335043;Konstanz;"090";Industriegebiet;"090";31.12.19;1048;423;635;413;148;262;139;128;182;189;534
8335043;Konstanz;"100";Egg;"1001";31.12.19;812;408;725;87;170;157;91;93;136;165;368
8335043;Konstanz;"100";Egg;"100";31.12.19;812;408;725;87;170;157;91;93;136;165;368
8335043;Konstanz;"110";Litzelstetten;"1101";31.12.19;1785;916;1619;166;271;300;186;201;293;534;952
8335043;Konstanz;"110";Litzelstetten;"1102";31.12.19;2032;1085;1839;193;241;312;214;199;338;728;1139
8335043;Konstanz;"110";Litzelstetten;"1103";31.12.19;44;13;11;33;0;8;9;6;14;7;31
8335043;Konstanz;"110";Litzelstetten;"110";31.12.19;3861;2014;3469;392;512;620;409;406;645;1269;2122
8335043;Konstanz;"120";Dingelsdorf;"1201";31.12.19;1758;895;1618;140;273;277;176;181;314;537;894
8335043;Konstanz;"120";Dingelsdorf;"1202";31.12.19;340;166;279;61;50;44;35;46;53;112;160
8335043;Konstanz;"120";Dingelsdorf;"120";31.12.19;2098;1061;1897;201;323;321;211;227;367;649;1054
8335043;Konstanz;"130";Dettingen;"1301";31.12.19;1527;777;1362;165;296;194;182;187;203;465;730
8335043;Konstanz;"130";Dettingen;"1302";31.12.19;1762;914;1599;163;266;264;200;187;281;564;878
8335043;Konstanz;"130";Dettingen;"130";31.12.19;3289;1691;2961;328;562;458;382;374;484;1029;1608
8335043;Konstanz;"140";Wallhausen;"1401";31.12.19;1137;603;975;162;149;191;147;117;194;339;653
8335043;Konstanz;"140";Wallhausen;"140";31.12.19;1137;603;975;162;149;191;147;117;194;339;653
8335043;Konstanz;.;Stadt Konstanz;.;31.12.19;86332;44871;72612;13720;12223;20767;11385;9057;11899;21001;48800
8335043;Konstanz;"010";Altstadt;"0101";31.12.18;1282;652;1002;280;130;401;227;158;155;211;853
8335043;Konstanz;"010";Altstadt;"0102";31.12.18;1787;886;1422;365;274;432;306;202;223;350;1081
8335043;Konstanz;"010";Altstadt;"0103";31.12.18;2907;1505;2562;345;433;577;470;365;407;655;1697
8335043;Konstanz;"010";Altstadt;"0104";31.12.18;2147;1188;1935;212;318;432;274;267;313;543;1283
8335043;Konstanz;"010";Altstadt;"0105";31.12.18;1359;733;1225;134;219;342;223;172;184;219;780
8335043;Konstanz;"010";Altstadt;"0106";31.12.18;1212;616;1002;210;97;377;239;117;145;237;836
8335043;Konstanz;"010";Altstadt;"0107";31.12.18;1422;758;1181;241;154;370;230;155;174;339;951
8335043;Konstanz;"010";Altstadt;"010";31.12.18;12116;6338;10329;1787;1625;2931;1969;1436;1601;2554;7481
8335043;Konstanz;"020";Paradies;"0201";31.12.18;2805;1522;2511;294;373;478;409;321;450;774;1666
8335043;Konstanz;"020";Paradies;"0202";31.12.18;1631;926;1447;184;183;304;226;180;228;510;1048
8335043;Konstanz;"020";Paradies;"0203";31.12.18;1068;430;797;271;11;1011;38;6;*);*);657
8335043;Konstanz;"020";Paradies;"0204";31.12.18;609;319;586;23;106;104;70;73;*);*);325
8335043;Konstanz;"020";Paradies;"020";31.12.18;6113;3197;5341;772;673;1897;743;580;800;1420;3696
8335043;Konstanz;"030";Petershausen-West;"0301";31.12.18;996;516;777;219;141;280;142;110;121;202;605
8335043;Konstanz;"030";Petershausen-West;"0302";31.12.18;1684;834;1183;501;265;460;248;190;204;317;866
8335043;Konstanz;"030";Petershausen-West;"0303";31.12.18;6032;3083;4894;1138;776;1949;1072;608;684;943;3499
8335043;Konstanz;"030";Petershausen-West;"0304";31.12.18;3436;1721;2689;747;359;1188;520;315;378;676;2148
8335043;Konstanz;"030";Petershausen-West;"0305";31.12.18;1773;933;1515;258;270;395;209;199;294;406;999
8335043;Konstanz;"030";Petershausen-West;"0306";31.12.18;2081;1092;1704;377;231;649;319;223;266;393;1222
8335043;Konstanz;"030";Petershausen-West;"030";31.12.18;16002;8179;12762;3240;2042;4921;2510;1645;1947;2937;9339
8335043;Konstanz;"035";Petershausen-Ost;"0351";31.12.18;2159;1178;1713;446;315;578;267;216;271;512;1242
8335043;Konstanz;"035";Petershausen-Ost;"0352";31.12.18;1377;771;1249;128;195;213;164;132;184;489;786
8335043;Konstanz;"035";Petershausen-Ost;"0353";31.12.18;1269;672;1156;113;164;207;147;124;207;420;732
8335043;Konstanz;"035";Petershausen-Ost;"0354";31.12.18;1139;660;1045;94;125;78;66;105;119;646;629
8335043;Konstanz;"035";Petershausen-Ost;"0355";31.12.18;1329;675;1225;104;188;267;119;167;204;384;711
8335043;Konstanz;"035";Petershausen-Ost;"035";31.12.18;7273;3956;6388;885;987;1343;763;744;985;2451;4100
8335043;Konstanz;"040";Koenigsbau;"0401";31.12.18;1207;626;1056;151;130;381;107;114;169;306;717
8335043;Konstanz;"040";Koenigsbau;"0402";31.12.18;1597;877;1220;377;374;254;205;209;244;311;756
8335043;Konstanz;"040";Koenigsbau;"0403";31.12.18;2534;1264;1988;546;333;1279;247;150;166;359;1334
8335043;Konstanz;"040";Koenigsbau;"0404";31.12.18;910;470;803;107;137;207;114;93;136;223;496
8335043;Konstanz;"040";Koenigsbau;"040";31.12.18;6248;3237;5067;1181;974;2121;673;566;715;1199;3303
8335043;Konstanz;"050";Allmannsdorf;"0501";31.12.18;1643;877;1495;148;242;283;165;166;286;501;877
8335043;Konstanz;"050";Allmannsdorf;"0502";31.12.18;1359;720;1192;167;207;288;164;162;198;340;750
8335043;Konstanz;"050";Allmannsdorf;"0503";31.12.18;2339;1233;2101;238;292;560;277;211;354;645;1368
8335043;Konstanz;"050";Allmannsdorf;"050";31.12.18;5341;2830;4788;553;741;1131;606;539;838;1486;2995
8335043;Konstanz;"060";Staad;"0601";31.12.18;1002;531;927;75;127;132;95;120;153;375;570
8335043;Konstanz;"060";Staad;"0602";31.12.18;791;422;710;81;121;121;84;108;95;262;430
8335043;Konstanz;"060";Staad;"060";31.12.18;1793;953;1637;156;248;253;179;228;248;637;1000
8335043;Konstanz;"070";Fuerstenberg;"0701";31.12.18;4395;2292;3496;899;594;1382;542;430;552;895;2556
8335043;Konstanz;"070";Fuerstenberg;"0702";31.12.18;3142;1612;2681;461;391;687;400;301;448;915;1791
8335043;Konstanz;"070";Fuerstenberg;"0703";31.12.18;2127;1094;1836;291;349;380;238;242;320;598;1127
8335043;Konstanz;"070";Fuerstenberg;"0704";31.12.18;2682;1375;1993;689;353;667;375;317;356;614;1570
8335043;Konstanz;"070";Fuerstenberg;"070";31.12.18;12346;6373;10006;2340;1687;3116;1555;1290;1676;3022;7044
8335043;Konstanz;"080";Wollmatingen;"0801";31.12.18;2738;1441;2201;537;602;457;389;332;403;555;1358
8335043;Konstanz;"080";Wollmatingen;"0802";31.12.18;2202;1105;1961;241;461;412;247;323;361;398;1046
8335043;Konstanz;"080";Wollmatingen;"0803";31.12.18;1844;940;1612;232;275;357;203;241;343;425;986
8335043;Konstanz;"080";Wollmatingen;"080";31.12.18;6784;3486;5774;1010;1338;1226;839;896;1107;1378;3390
8335043;Konstanz;"090";Industriegebiet;"0901";31.12.18;834;359;529;305;132;206;112;102;127;155;417
8335043;Konstanz;"090";Industriegebiet;"0902";31.12.18;131;58;83;48;15;29;21;22;25;19;81
8335043;Konstanz;"090";Industriegebiet;"0903";31.12.18;128;42;61;67;12;30;15;23;26;22;62
8335043;Konstanz;"090";Industriegebiet;"090";31.12.18;1093;459;673;420;159;265;148;147;178;196;560
8335043;Konstanz;"100";Egg;"1001";31.12.18;763;384;671;92;162;136;84;85;145;151;345
8335043;Konstanz;"100";Egg;"100";31.12.18;763;384;671;92;162;136;84;85;145;151;345
8335043;Konstanz;"110";Litzelstetten;"1101";31.12.18;1752;887;1585;167;276;269;192;206;276;533;914
8335043;Konstanz;"110";Litzelstetten;"1102";31.12.18;2020;1075;1840;180;240;316;204;223;331;706;1130
8335043;Konstanz;"110";Litzelstetten;"1103";31.12.18;59;19;15;44;3;17;14;8;11;6;38
8335043;Konstanz;"110";Litzelstetten;"110";31.12.18;3831;1981;3440;391;519;602;410;437;618;1245;2082
8335043;Konstanz;"120";Dingelsdorf;"1201";31.12.18;1756;896;1624;132;270;290;159;186;331;520;892
8335043;Konstanz;"120";Dingelsdorf;"1202";31.12.18;338;161;272;66;52;39;34;46;58;109;160
8335043;Konstanz;"120";Dingelsdorf;"120";31.12.18;2094;1057;1896;198;322;329;193;232;389;629;1052
8335043;Konstanz;"130";Dettingen;"1301";31.12.18;1548;776;1374;174;300;198;202;184;200;464;733
8335043;Konstanz;"130";Dettingen;"1302";31.12.18;1722;892;1585;137;249;245;189;202;277;560;870
8335043;Konstanz;"130";Dettingen;"130";31.12.18;3270;1668;2959;311;549;443;391;386;477;1024;1603
8335043;Konstanz;"140";Wallhausen;"1401";31.12.18;1123;598;987;136;140;192;136;134;187;334;641
8335043;Konstanz;"140";Wallhausen;"140";31.12.18;1123;598;987;136;140;192;136;134;187;334;641
8335043;Konstanz;.;Stadt Konstanz;.;31.12.18;86190;44696;72718;13472;12166;20906;11199;9345;11911;20663;48631
8335043;Konstanz;"010";Altstadt;"0101";31.12.17;1301;659;1030;271;141;408;230;166;149;207;858
8335043;Konstanz;"010";Altstadt;"0102";31.12.17;1742;854;1404;338;256;418;305;203;215;345;1065
8335043;Konstanz;"010";Altstadt;"0103";31.12.17;2902;1492;2556;346;438;602;462;369;393;638;1690
8335043;Konstanz;"010";Altstadt;"0104";31.12.17;2126;1181;1910;216;309;428;279;263;317;530;1262
8335043;Konstanz;"010";Altstadt;"0105";31.12.17;1346;720;1218;128;209;340;228;175;181;213;785
8335043;Konstanz;"010";Altstadt;"0106";31.12.17;1200;598;1009;191;96;373;225;128;147;231;830
8335043;Konstanz;"010";Altstadt;"0107";31.12.17;1447;757;1212;235;156;379;232;164;168;348;958
8335043;Konstanz;"010";Altstadt;"010";31.12.17;12064;6261;10339;1725;1605;2948;1961;1468;1570;2512;7448
8335043;Konstanz;"020";Paradies;"0201";31.12.17;2836;1544;2539;297;375;518;385;337;443;778;1688
8335043;Konstanz;"020";Paradies;"0202";31.12.17;1636;931;1462;174;181;300;236;197;220;502;1040
8335043;Konstanz;"020";Paradies;"0203";31.12.17;1094;454;770;324;8;1042;37;5;1;1;672
8335043;Konstanz;"020";Paradies;"0204";31.12.17;595;314;577;18;98;109;57;80;120;131;319
8335043;Konstanz;"020";Paradies;"020";31.12.17;6161;3243;5348;813;662;1969;715;619;784;1412;3719
8335043;Konstanz;"030";Petershausen-West;"0301";31.12.17;984;521;784;200;138;260;154;118;115;199;592
8335043;Konstanz;"030";Petershausen-West;"0302";31.12.17;1710;850;1212;498;272;474;259;182;212;311;877
8335043;Konstanz;"030";Petershausen-West;"0303";31.12.17;5982;3066;4848;1134;775;1962;1012;638;661;934;3450
8335043;Konstanz;"030";Petershausen-West;"0304";31.12.17;3214;1595;2468;746;306;1135;459;298;377;639;2076
8335043;Konstanz;"030";Petershausen-West;"0305";31.12.17;1713;910;1474;239;252;381;196;204;278;402;969
8335043;Konstanz;"030";Petershausen-West;"0306";31.12.17;2013;1069;1721;292;223;620;297;221;262;390;1193
8335043;Konstanz;"030";Petershausen-West;"030";31.12.17;15616;8011;12507;3109;1966;4832;2377;1661;1905;2875;9157
8335043;Konstanz;"035";Petershausen-Ost;"0351";31.12.17;2073;1117;1684;389;284;572;253;197;258;509;1207
8335043;Konstanz;"035";Petershausen-Ost;"0352";31.12.17;1369;783;1252;117;198;204;158;145;177;487;761
8335043;Konstanz;"035";Petershausen-Ost;"0353";31.12.17;1262;670;1156;106;168;206;134;133;214;407;726
8335043;Konstanz;"035";Petershausen-Ost;"0354";31.12.17;1137;658;1059;78;131;76;63;111;106;650;621
8335043;Konstanz;"035";Petershausen-Ost;"0355";31.12.17;1346;693;1247;99;204;271;114;183;197;377;713
8335043;Konstanz;"035";Petershausen-Ost;"035";31.12.17;7187;3921;6398;789;985;1329;722;769;952;2430;4028
8335043;Konstanz;"040";Koenigsbau;"0401";31.12.17;1138;594;1010;128;121;323;109;111;172;302;674
8335043;Konstanz;"040";Koenigsbau;"0402";31.12.17;1600;868;1254;346;373;275;196;210;236;310;758
8335043;Konstanz;"040";Koenigsbau;"0403";31.12.17;2550;1269;1989;561;319;1280;263;163;165;360;1354
8335043;Konstanz;"040";Koenigsbau;"0404";31.12.17;906;471;809;97;148;193;109;104;140;212;483
8335043;Konstanz;"040";Koenigsbau;"040";31.12.17;6194;3202;5062;1132;961;2071;677;588;713;1184;3269
8335043;Konstanz;"050";Allmannsdorf;"0501";31.12.17;1641;867;1502;139;240;274;141;177;284;525;881
8335043;Konstanz;"050";Allmannsdorf;"0502";31.12.17;1371;728;1214;157;210;294;160;183;182;342;750
8335043;Konstanz;"050";Allmannsdorf;"0503";31.12.17;2322;1236;2076;246;297;551;272;227;350;625;1350
8335043;Konstanz;"050";Allmannsdorf;"050";31.12.17;5334;2831;4792;542;747;1119;573;587;816;1492;2981
8335043;Konstanz;"060";Staad;"0601";31.12.17;1018;545;933;85;131;135;92;124;169;367;575
8335043;Konstanz;"060";Staad;"0602";31.12.17;795;424;711;84;125;119;87;109;93;262;437
8335043;Konstanz;"060";Staad;"060";31.12.17;1813;969;1644;169;256;254;179;233;262;629;1012
8335043;Konstanz;"070";Fuerstenberg;"0701";31.12.17;4415;2283;3517;898;593;1425;535;424;554;884;2566
8335043;Konstanz;"070";Fuerstenberg;"0702";31.12.17;3182;1633;2763;419;388;720;361;324;448;941;1828
8335043;Konstanz;"070";Fuerstenberg;"0703";31.12.17;2168;1115;1879;289;337;420;248;240;320;603;1148
8335043;Konstanz;"070";Fuerstenberg;"0704";31.12.17;2668;1374;1985;683;335;705;342;318;341;627;1583
8335043;Konstanz;"070";Fuerstenberg;"070";31.12.17;12433;6405;10144;2289;1653;3270;1486;1306;1663;3055;7125
8335043;Konstanz;"080";Wollmatingen;"0801";31.12.17;2771;1446;2254;517;603;458;419;352;384;555;1363
8335043;Konstanz;"080";Wollmatingen;"0802";31.12.17;2170;1096;1945;225;453;422;239;330;339;387;1026
8335043;Konstanz;"080";Wollmatingen;"0803";31.12.17;1854;952;1643;211;299;357;203;257;315;423;964
8335043;Konstanz;"080";Wollmatingen;"080";31.12.17;6795;3494;5842;953;1355;1237;861;939;1038;1365;3353
8335043;Konstanz;"090";Industriegebiet;"0901";31.12.17;826;355;527;299;140;204;104;103;124;151;416
8335043;Konstanz;"090";Industriegebiet;"0902";31.12.17;133;49;91;42;13;35;25;21;20;19;84
8335043;Konstanz;"090";Industriegebiet;"0903";31.12.17;149;51;63;86;19;46;14;26;23;21;67
8335043;Konstanz;"090";Industriegebiet;"090";31.12.17;1108;455;681;427;172;285;143;150;167;191;567
8335043;Konstanz;"100";Egg;"1001";31.12.17;761;367;680;81;157;144;87;88;147;138;333
8335043;Konstanz;"100";Egg;"100";31.12.17;761;367;680;81;157;144;87;88;147;138;333
8335043;Konstanz;"110";Litzelstetten;"1101";31.12.17;1739;888;1588;151;270;265;178;218;268;540;893
8335043;Konstanz;"110";Litzelstetten;"1102";31.12.17;2025;1065;1826;199;234;322;210;220;339;700;1133
8335043;Konstanz;"110";Litzelstetten;"1103";31.12.17;50;19;11;39;5;9;12;8;11;5;29
8335043;Konstanz;"110";Litzelstetten;"110";31.12.17;3814;1972;3425;389;509;596;400;446;618;1245;2055
8335043;Konstanz;"120";Dingelsdorf;"1201";31.12.17;1797;915;1649;148;281;307;157;207;333;512;919
8335043;Konstanz;"120";Dingelsdorf;"1202";31.12.17;334;156;269;65;47;43;39;47;60;98;160
8335043;Konstanz;"120";Dingelsdorf;"120";31.12.17;2131;1071;1918;213;328;350;196;254;393;610;1079
8335043;Konstanz;"130";Dettingen;"1301";31.12.17;1609;798;1395;214;333;211;224;185;198;458;740
8335043;Konstanz;"130";Dettingen;"1302";31.12.17;1725;890;1606;119;256;264;167;218;279;541;858
8335043;Konstanz;"130";Dettingen;"130";31.12.17;3334;1688;3001;333;589;475;391;403;477;999;1598
8335043;Konstanz;"140";Wallhausen;"1401";31.12.17;1147;608;1014;133;145;208;141;138;191;324;638
8335043;Konstanz;"140";Wallhausen;"140";31.12.17;1147;608;1014;133;145;208;141;138;191;324;638
8335043;Konstanz;.;Stadt Konstanz;.;31.12.17;85892;44498;72795;13097;12090;21087;10909;9649;11696;20461;48362
8335043;Konstanz;"010";Altstadt;"0101";31.12.16;1297;661;1046;251;125;433;220;174;143;202;863
8335043;Konstanz;"010";Altstadt;"0102";31.12.16;1690;831;1371;319;233;409;286;214;209;339;1049
8335043;Konstanz;"010";Altstadt;"0103";31.12.16;2896;1495;2556;340;436;606;447;364;399;644;1686
8335043;Konstanz;"010";Altstadt;"0104";31.12.16;2121;1170;1938;183;307;413;276;288;310;527;1273
8335043;Konstanz;"010";Altstadt;"0105";31.12.16;1316;703;1198;118;196;331;236;168;181;204;778
8335043;Konstanz;"010";Altstadt;"0106";31.12.16;1178;589;988;190;92;372;218;132;140;224;812
8335043;Konstanz;"010";Altstadt;"0107";31.12.16;1452;759;1208;244;154;381;245;168;149;355;971
8335043;Konstanz;"010";Altstadt;"010";31.12.16;11950;6208;10305;1645;1543;2945;1928;1508;1531;2495;7432
8335043;Konstanz;"020";Paradies;"0201";31.12.16;2816;1529;2529;287;371;498;379;363;427;778;1674
8335043;Konstanz;"020";Paradies;"0202";31.12.16;1592;899;1407;185;189;276;227;201;202;497;1004
8335043;Konstanz;"020";Paradies;"0203";31.12.16;1100;437;725;375;7;1039;41;11;*);*);692
8335043;Konstanz;"020";Paradies;"0204";31.12.16;608;320;585;23;105;104;53;99;*);*);320
8335043;Konstanz;"020";Paradies;"020";31.12.16;6116;3185;5246;870;672;1917;700;674;744;1409;3690
8335043;Konstanz;"030";Petershausen-West;"0301";31.12.16;972;509;763;209;143;254;145;123;111;196;600
8335043;Konstanz;"030";Petershausen-West;"0302";31.12.16;1712;863;1223;489;286;473;254;178;208;313;873
8335043;Konstanz;"030";Petershausen-West;"0303";31.12.16;5952;3068;4861;1091;781;1956;998;666;645;906;3403
8335043;Konstanz;"030";Petershausen-West;"0304";31.12.16;3215;1605;2455;760;310;1131;451;327;374;622;2071
8335043;Konstanz;"030";Petershausen-West;"0305";31.12.16;1702;895;1472;230;249;384;187;209;275;398;954
8335043;Konstanz;"030";Petershausen-West;"0306";31.12.16;1999;1052;1729;270;214;663;272;205;259;386;1193
8335043;Konstanz;"030";Petershausen-West;"030";31.12.16;15552;7992;12503;3049;1983;4861;2307;1708;1872;2821;9094
8335043;Konstanz;"035";Petershausen-Ost;"0351";31.12.16;2073;1134;1668;405;283;550;274;217;250;499;1197
8335043;Konstanz;"035";Petershausen-Ost;"0352";31.12.16;1362;772;1255;107;191;205;150;149;174;493;753
8335043;Konstanz;"035";Petershausen-Ost;"0353";31.12.16;1246;660;1135;111;166;202;141;141;204;392;731
8335043;Konstanz;"035";Petershausen-Ost;"0354";31.12.16;1122;645;1045;77;132;67;71;116;111;625;618
8335043;Konstanz;"035";Petershausen-Ost;"0355";31.12.16;1353;696;1267;86;211;268;119;188;189;378;725
8335043;Konstanz;"035";Petershausen-Ost;"035";31.12.16;7156;3907;6370;786;983;1292;755;811;928;2387;4024
8335043;Konstanz;"040";Koenigsbau;"0401";31.12.16;1134;593;1019;115;129;319;98;128;162;298;663
8335043;Konstanz;"040";Koenigsbau;"0402";31.12.16;1609;869;1256;353;383;265;209;220;232;300;752
8335043;Konstanz;"040";Koenigsbau;"0403";31.12.16;2494;1254;1884;610;307;1253;251;168;167;348;1320
8335043;Konstanz;"040";Koenigsbau;"0404";31.12.16;909;477;814;95;147;197;104;110;132;219;478
8335043;Konstanz;"040";Koenigsbau;"040";31.12.16;6146;3193;4973;1173;966;2034;662;626;693;1165;3213
8335043;Konstanz;"050";Allmannsdorf;"0501";31.12.16;1659;885;1529;130;250;282;127;197;275;528;890
8335043;Konstanz;"050";Allmannsdorf;"0502";31.12.16;1357;734;1208;149;197;307;156;173;181;343;755
8335043;Konstanz;"050";Allmannsdorf;"0503";31.12.16;2289;1211;2066;223;284;559;251;232;365;598;1320
8335043;Konstanz;"050";Allmannsdorf;"050";31.12.16;5305;2830;4803;502;731;1148;534;602;821;1469;2965
8335043;Konstanz;"060";Staad;"0601";31.12.16;1018;539;938;80;131;135;88;136;161;367;581
8335043;Konstanz;"060";Staad;"0602";31.12.16;789;411;719;70;125;111;82;111;97;263;424
8335043;Konstanz;"060";Staad;"060";31.12.16;1807;950;1657;150;256;246;170;247;258;630;1005
8335043;Konstanz;"070";Fuerstenberg;"0701";31.12.16;4381;2280;3514;867;586;1399;522;459;542;873;2541
8335043;Konstanz;"070";Fuerstenberg;"0702";31.12.16;3164;1630;2773;391;366;724;361;328;455;930;1820
8335043;Konstanz;"070";Fuerstenberg;"0703";31.12.16;2064;1082;1818;246;318;382;239;234;284;607;1090
8335043;Konstanz;"070";Fuerstenberg;"0704";31.12.16;2624;1371;2024;600;331;671;336;308;351;627;1553
8335043;Konstanz;"070";Fuerstenberg;"070";31.12.16;12233;6363;10129;2104;1601;3176;1458;1329;1632;3037;7004
8335043;Konstanz;"080";Wollmatingen;"0801";31.12.16;2682;1408;2247;435;561;469;380;364;362;546;1337
8335043;Konstanz;"080";Wollmatingen;"0802";31.12.16;2210;1108;1965;245;473;446;241;349;325;376;1023
8335043;Konstanz;"080";Wollmatingen;"0803";31.12.16;1984;960;1673;311;306;447;231;280;308;412;1039
8335043;Konstanz;"080";Wollmatingen;"080";31.12.16;6876;3476;5885;991;1340;1362;852;993;995;1334;3399
8335043;Konstanz;"090";Industriegebiet;"0901";31.12.16;810;350;553;257;122;195;113;105;126;149;429
8335043;Konstanz;"090";Industriegebiet;"0902";31.12.16;126;51;90;36;15;33;22;21;21;14;74
8335043;Konstanz;"090";Industriegebiet;"0903";31.12.16;145;56;51;94;26;51;6;26;17;19;62
8335043;Konstanz;"090";Industriegebiet;"090";31.12.16;1081;457;694;387;163;279;141;152;164;182;565
8335043;Konstanz;"100";Egg;"1001";31.12.16;779;366;728;51;164;157;78;108;138;134;351
8335043;Konstanz;"100";Egg;"100";31.12.16;779;366;728;51;164;157;78;108;138;134;351
8335043;Konstanz;"110";Litzelstetten;"1101";31.12.16;1737;894;1593;144;*);273;165;232;258;*);901
8335043;Konstanz;"110";Litzelstetten;"1102";31.12.16;2062;1070;1865;197;243;344;194;248;351;682;1160
8335043;Konstanz;"110";Litzelstetten;"1103";31.12.16;42;16;10;32;*);8;12;9;6;*);26
8335043;Konstanz;"110";Litzelstetten;"110";31.12.16;3841;1980;3468;373;507;625;371;489;615;1234;2087
8335043;Konstanz;"120";Dingelsdorf;"1201";31.12.16;1805;918;1675;130;289;318;153;218;335;492;907
8335043;Konstanz;"120";Dingelsdorf;"1202";31.12.16;332;158;279;53;48;48;37;41;63;95;163
8335043;Konstanz;"120";Dingelsdorf;"120";31.12.16;2137;1076;1954;183;337;366;190;259;398;587;1070
8335043;Konstanz;"130";Dettingen;"1301";31.12.16;1608;804;1350;258;337;206;212;200;205;448;729
8335043;Konstanz;"130";Dettingen;"1302";31.12.16;1740;914;1622;118;271;251;175;230;293;520;869
8335043;Konstanz;"130";Dettingen;"130";31.12.16;3348;1718;2972;376;608;457;387;430;498;968;1598
8335043;Konstanz;"140";Wallhausen;"1401";31.12.16;1151;611;1014;137;155;217;125;143;186;325;638
8335043;Konstanz;"140";Wallhausen;"140";31.12.16;1151;611;1014;137;155;217;125;143;186;325;638
8335043;Konstanz;.;Stadt Konstanz;.;31.12.16;85478;44312;72701;12777;12009;21082;10658;10079;11473;20177;48135
8335043;Konstanz;"010";Altstadt;"0101";31.12.15;1286;639;1027;259;126;412;224;188;141;195;869
8335043;Konstanz;"010";Altstadt;"0102";31.12.15;1685;838;1368;317;225;407;292;221;201;339;1050
8335043;Konstanz;"010";Altstadt;"0103";31.12.15;2879;1503;2536;343;427;585;458;392;380;637;1687
8335043;Konstanz;"010";Altstadt;"0104";31.12.15;2144;1183;1968;176;311;446;278;305;290;514;1283
8335043;Konstanz;"010";Altstadt;"0105";31.12.15;1352;728;1228;124;208;351;240;190;167;196;787
8335043;Konstanz;"010";Altstadt;"0106";31.12.15;1213;596;1028;185;94;401;224;142;136;216;830
8335043;Konstanz;"010";Altstadt;"0107";31.12.15;1428;760;1197;231;149;380;249;167;141;342;976
8335043;Konstanz;"010";Altstadt;"010";31.12.15;11987;6247;10352;1635;1540;2982;1965;1605;1456;2439;7482
8335043;Konstanz;"020";Paradies;"0201";31.12.15;2803;1547;2526;277;369;476;388;410;386;774;1669
8335043;Konstanz;"020";Paradies;"0202";31.12.15;1557;880;1387;170;189;290;195;202;188;493;983
8335043;Konstanz;"020";Paradies;"0203";31.12.15;1155;462;737;418;37;1034;56;19;6;3;710
8335043;Konstanz;"020";Paradies;"0204";31.12.15;607;314;580;27;100;113;60;97;106;131;318
8335043;Konstanz;"020";Paradies;"020";31.12.15;6122;3203;5230;892;695;1913;699;728;686;1401;3680
8335043;Konstanz;"030";Petershausen-West;"0301";31.12.15;921;485;735;186;125;260;121;113;113;189;583
8335043;Konstanz;"030";Petershausen-West;"0302";31.12.15;1646;848;1240;406;274;449;234;192;185;312;837
8335043;Konstanz;"030";Petershausen-West;"0303";31.12.15;5583;2906;4588;995;741;1828;892;646;616;860;3278
8335043;Konstanz;"030";Petershausen-West;"0304";31.12.15;3456;1628;2513;943;329;1259;504;355;387;622;2183
8335043;Konstanz;"030";Petershausen-West;"0305";31.12.15;1755;928;1533;222;262;409;197;222;271;394;966
8335043;Konstanz;"030";Petershausen-West;"0306";31.12.15;1986;1041;1733;253;234;652;259;209;250;382;1176
8335043;Konstanz;"030";Petershausen-West;"030";31.12.15;15347;7836;12342;3005;1965;4857;2207;1737;1822;2759;9023
8335043;Konstanz;"035";Petershausen-Ost;"0351";31.12.15;2063;1131;1659;404;290;556;260;222;241;494;1214
8335043;Konstanz;"035";Petershausen-Ost;"0352";31.12.15;1363;771;1259;104;200;208;138;163;166;488;751
8335043;Konstanz;"035";Petershausen-Ost;"0353";31.12.15;1240;645;1144;96;152;218;128;150;203;389;738
8335043;Konstanz;"035";Petershausen-Ost;"0354";31.12.15;1111;645;1044;67;131;64;73;115;102;626;616
8335043;Konstanz;"035";Petershausen-Ost;"0355";31.12.15;1343;696;1249;94;211;255;112;193;201;371;722
8335043;Konstanz;"035";Petershausen-Ost;"035";31.12.15;7120;3888;6355;765;984;1301;711;843;913;2368;4041
8335043;Konstanz;"040";Koenigsbau;"0401";31.12.15;1131;602;1032;99;138;299;93;148;161;292;668
8335043;Konstanz;"040";Koenigsbau;"0402";31.12.15;1612;869;1258;354;384;280;204;220;237;287;744
8335043;Konstanz;"040";Koenigsbau;"0403";31.12.15;2207;1096;1737;470;193;1196;188;140;166;324;1254
8335043;Konstanz;"040";Koenigsbau;"0404";31.12.15;903;469;816;87;155;183;105;112;130;218;473
8335043;Konstanz;"040";Koenigsbau;"040";31.12.15;5853;3036;4843;1010;870;1958;590;620;694;1121;3139
8335043;Konstanz;"050";Allmannsdorf;"0501";31.12.15;1677;895;1545;132;264;281;137;201;268;526;885
8335043;Konstanz;"050";Allmannsdorf;"0502";31.12.15;1341;718;1205;136;193;301;148;181;176;342;748
8335043;Konstanz;"050";Allmannsdorf;"0503";31.12.15;2297;1205;2045;252;284;587;227;257;361;581;1353
8335043;Konstanz;"050";Allmannsdorf;"050";31.12.15;5315;2818;4795;520;741;1169;512;639;805;1449;2986
8335043;Konstanz;"060";Staad;"0601";31.12.15;1018;540;943;75;126;138;83;141;153;377;583
8335043;Konstanz;"060";Staad;"0602";31.12.15;779;405;709;70;121;97;89;120;96;256;425
8335043;Konstanz;"060";Staad;"060";31.12.15;1797;945;1652;145;247;235;172;261;249;633;1008
8335043;Konstanz;"070";Fuerstenberg;"0701";31.12.15;4175;2190;3378;797;576;1214;521;475;531;858;2388
8335043;Konstanz;"070";Fuerstenberg;"0702";31.12.15;3163;1624;2820;343;382;692;371;351;448;919;1812
8335043;Konstanz;"070";Fuerstenberg;"0703";31.12.15;2077;1087;1815;262;310;403;232;239;273;620;1098
8335043;Konstanz;"070";Fuerstenberg;"0704";31.12.15;2607;1367;2055;552;347;674;341;289;335;621;1536
8335043;Konstanz;"070";Fuerstenberg;"070";31.12.15;12022;6268;10068;1954;1615;2983;1465;1354;1587;3018;6834
8335043;Konstanz;"080";Wollmatingen;"0801";31.12.15;2643;1399;2234;409;569;432;370;364;354;554;1294
8335043;Konstanz;"080";Wollmatingen;"0802";31.12.15;2191;1108;1930;261;485;426;258;358;303;361;1013
8335043;Konstanz;"080";Wollmatingen;"0803";31.12.15;1849;961;1662;187;314;345;204;300;278;408;958
8335043;Konstanz;"080";Wollmatingen;"080";31.12.15;6683;3468;5826;857;1368;1203;832;1022;935;1323;3265
8335043;Konstanz;"090";Industriegebiet;"0901";31.12.15;821;353;561;260;122;172;122;144;119;142;439
8335043;Konstanz;"090";Industriegebiet;"0902";31.12.15;136;59;102;34;*);36;*);17;23;14;76
8335043;Konstanz;"090";Industriegebiet;"0903";31.12.15;67;23;53;14;*);14;*);14;16;17;45
8335043;Konstanz;"090";Industriegebiet;"090";31.12.15;1024;435;716;308;143;222;153;175;158;173;560
8335043;Konstanz;"100";Egg;"1001";31.12.15;757;368;709;48;168;130;85;123;119;132;332
8335043;Konstanz;"100";Egg;"100";31.12.15;757;368;709;48;168;130;85;123;119;132;332
8335043;Konstanz;"110";Litzelstetten;"1101";31.12.15;1723;900;1598;125;*);254;161;268;225;*);907
8335043;Konstanz;"110";Litzelstetten;"1102";31.12.15;2056;1063;1865;191;236;354;183;265;343;675;1161
8335043;Konstanz;"110";Litzelstetten;"1103";31.12.15;40;16;12;28;*);14;6;8;7;*);28
8335043;Konstanz;"110";Litzelstetten;"110";31.12.15;3819;1979;3475;344;490;622;350;541;575;1241;2096
8335043;Konstanz;"120";Dingelsdorf;"1201";31.12.15;1808;930;1686;122;301;303;174;232;318;480;901
8335043;Konstanz;"120";Dingelsdorf;"1202";31.12.15;334;160;284;50;44;53;37;45;67;88;167
8335043;Konstanz;"120";Dingelsdorf;"120";31.12.15;2142;1090;1970;172;345;356;211;277;385;568;1068
8335043;Konstanz;"130";Dettingen;"1301";31.12.15;1390;701;1290;100;250;171;157;175;192;445;660
8335043;Konstanz;"130";Dettingen;"1302";31.12.15;1751;911;1627;124;274;248;186;252;282;509;867
8335043;Konstanz;"130";Dettingen;"130";31.12.15;3141;1612;2917;224;524;419;343;427;474;954;1527
8335043;Konstanz;"140";Wallhausen;"1401";31.12.15;1161;625;1036;125;147;233;122;149;193;317;633
8335043;Konstanz;"140";Wallhausen;"140";31.12.15;1161;625;1036;125;147;233;122;149;193;317;633
8335043;Konstanz;.;Stadt Konstanz;.;31.12.15;84290;43818;72286;12004;11842;20583;10417;10501;11051;19896;47674
8335043;Konstanz;"010";Altstadt;"0101";31.12.14;1281;651;1009;272;130;410;236;178;139;188;865
8335043;Konstanz;"010";Altstadt;"0102";31.12.14;1707;842;1385;322;228;410;293;244;201;331;1059
8335043;Konstanz;"010";Altstadt;"0103";31.12.14;2859;1502;2533;326;420;585;458;392;367;637;1685
8335043;Konstanz;"010";Altstadt;"0104";31.12.14;2121;1198;1958;163;307;433;286;318;263;514;1282
8335043;Konstanz;"010";Altstadt;"0105";31.12.14;1318;708;1197;121;192;360;226;193;151;196;796
8335043;Konstanz;"010";Altstadt;"0106";31.12.14;1232;621;1055;177;94;415;222;149;139;213;834
8335043;Konstanz;"010";Altstadt;"0107";31.12.14;1429;741;1205;224;148;390;242;174;138;337;986
8335043;Konstanz;"010";Altstadt;"010";31.12.14;11947;6263;10342;1605;1519;3003;1963;1648;1398;2416;7507
8335043;Konstanz;"020";Paradies;"0201";31.12.14;2784;1519;2520;264;368;494;373;419;375;755;1660
8335043;Konstanz;"020";Paradies;"0202";31.12.14;1552;884;1379;173;196;290;190;199;179;498;972
8335043;Konstanz;"020";Paradies;"0203";31.12.14;1079;423;716;363;9;999;52;12;4;*);699
8335043;Konstanz;"020";Paradies;"0204";31.12.14;617;316;591;26;108;110;64;105;96;*);326
8335043;Konstanz;"020";Paradies;"020";31.12.14;6032;3142;5206;826;681;1893;679;735;654;1390;3657
8335043;Konstanz;"030";Petershausen-West;"0301";31.12.14;904;473;717;187;113;254;115;120;112;190;564
8335043;Konstanz;"030";Petershausen-West;"0302";31.12.14;1658;860;1223;435;281;452;227;213;181;304;849
8335043;Konstanz;"030";Petershausen-West;"0303";31.12.14;5421;2830;4508;913;744;1788;822;651;572;844;3175
8335043;Konstanz;"030";Petershausen-West;"0304";31.12.14;3212;1580;2529;683;310;1120;444;344;363;631;2055
8335043;Konstanz;"030";Petershausen-West;"0305";31.12.14;1745;928;1568;177;254;407;187;234;254;409;971
8335043;Konstanz;"030";Petershausen-West;"0306";31.12.14;1951;1010;1683;268;230;625;263;229;239;365;1135
8335043;Konstanz;"030";Petershausen-West;"030";31.12.14;14891;7681;12228;2663;1932;4646;2058;1791;1721;2743;8749
8335043;Konstanz;"035";Petershausen-Ost;"0351";31.12.14;2039;1110;1688;351;285;566;243;218;244;483;1216
8335043;Konstanz;"035";Petershausen-Ost;"0352";31.12.14;1366;782;1278;88;203;203;133;167;178;482;748
8335043;Konstanz;"035";Petershausen-Ost;"0353";31.12.14;1232;643;1143;89;167;207;122;155;195;386;728
8335043;Konstanz;"035";Petershausen-Ost;"0354";31.12.14;1101;646;1043;58;130;59;68;118;95;631;602
8335043;Konstanz;"035";Petershausen-Ost;"0355";31.12.14;1329;692;1240;89;204;255;106;197;199;368;713
8335043;Konstanz;"035";Petershausen-Ost;"035";31.12.14;7067;3873;6392;675;989;1290;672;855;911;2350;4007
8335043;Konstanz;"040";Koenigsbau;"0401";31.12.14;1125;612;1019;106;133;303;91;143;156;299;675
8335043;Konstanz;"040";Koenigsbau;"0402";31.12.14;1573;846;1249;324;377;273;189;231;213;290;722
8335043;Konstanz;"040";Koenigsbau;"0403";31.12.14;2156;1071;1701;455;181;1183;163;131;162;336;1239
8335043;Konstanz;"040";Koenigsbau;"0404";31.12.14;919;476;836;83;157;192;118;107;126;219;478
8335043;Konstanz;"040";Koenigsbau;"040";31.12.14;5773;3005;4805;968;848;1951;561;612;657;1144;3114
8335043;Konstanz;"050";Allmannsdorf;"0501";31.12.14;1667;884;1548;119;259;264;146;227;246;525;866
8335043;Konstanz;"050";Allmannsdorf;"0502";31.12.14;1347;717;1214;133;192;295;149;191;174;346;752
8335043;Konstanz;"050";Allmannsdorf;"0503";31.12.14;2279;1204;2050;229;285;571;220;278;349;576;1337
8335043;Konstanz;"050";Allmannsdorf;"050";31.12.14;5293;2805;4812;481;736;1130;515;696;769;1447;2955
8335043;Konstanz;"060";Staad;"0601";31.12.14;1039;555;958;81;127;150;95;152;138;377;591
8335043;Konstanz;"060";Staad;"0602";31.12.14;774;411;705;69;112;112;84;114;88;264;423
8335043;Konstanz;"060";Staad;"060";31.12.14;1813;966;1663;150;239;262;179;266;226;641;1014
8335043;Konstanz;"070";Fuerstenberg;"0701";31.12.14;4026;2128;3316;710;588;1092;483;486;532;845;2308
8335043;Konstanz;"070";Fuerstenberg;"0702";31.12.14;3062;1565;2749;313;369;668;343;353;430;899;1766
8335043;Konstanz;"070";Fuerstenberg;"0703";31.12.14;2065;1098;1831;234;312;379;237;225;281;631;1111
8335043;Konstanz;"070";Fuerstenberg;"0704";31.12.14;2594;1340;2072;522;328;697;324;287;339;619;1518
8335043;Konstanz;"070";Fuerstenberg;"070";31.12.14;11747;6131;9968;1779;1597;2836;1387;1351;1582;2994;6703
8335043;Konstanz;"080";Wollmatingen;"0801";31.12.14;2644;1395;2216;428;547;447;365;383;343;559;1303
8335043;Konstanz;"080";Wollmatingen;"0802";31.12.14;2130;1077;1890;240;478;390;257;380;270;355;989
8335043;Konstanz;"080";Wollmatingen;"0803";31.12.14;1839;950;1665;174;333;350;208;299;248;401;943
8335043;Konstanz;"080";Wollmatingen;"080";31.12.14;6613;3422;5771;842;1358;1187;830;1062;861;1315;3235
8335043;Konstanz;"090";Industriegebiet;"0901";31.12.14;788;353;575;213;121;165;108;130;131;133;422
8335043;Konstanz;"090";Industriegebiet;"0902";31.12.14;128;55;91;37;15;32;21;21;20;19;75
8335043;Konstanz;"090";Industriegebiet;"0903";31.12.14;35;11;31;4;0;6;5;4;9;11;31
8335043;Konstanz;"090";Industriegebiet;"090";31.12.14;951;419;697;254;136;203;134;155;160;163;528
8335043;Konstanz;"100";Egg;"1001";31.12.14;770;373;732;38;174;126;91;137;114;128;332
8335043;Konstanz;"100";Egg;"100";31.12.14;770;373;732;38;174;126;91;137;114;128;332
8335043;Konstanz;"110";Litzelstetten;"1101";31.12.14;1745;909;1.623;122;*);261;159;271;231;*);905
8335043;Konstanz;"110";Litzelstetten;"1102";31.12.14;2082;1073;1.895;187;256;343;197;289;347;650;1157
8335043;Konstanz;"110";Litzelstetten;"1103";31.12.14;43;17;11;32;*);12;11;7;7;*);26
8335043;Konstanz;"110";Litzelstetten;"110";31.12.14;3870;1999;3529;341;523;616;367;567;585;1212;2088
8335043;Konstanz;"120";Dingelsdorf;"1201";31.12.14;1792;925;1680;112;292;298;161;256;313;472;894
8335043;Konstanz;"120";Dingelsdorf;"1202";31.12.14;330;157;296;34;44;59;35;42;61;89;166
8335043;Konstanz;"120";Dingelsdorf;"120";31.12.14;2122;1082;1976;146;336;357;196;298;374;561;1060
8335043;Konstanz;"130";Dettingen;"1301";31.12.14;1397;713;1310;87;237;193;151;176;202;438;665
8335043;Konstanz;"130";Dettingen;"1302";31.12.14;1727;898;1631;96;280;254;171;251;266;505;846
8335043;Konstanz;"130";Dettingen;"130";31.12.14;3124;1611;2941;183;517;447;322;427;468;943;1511
8335043;Konstanz;"140";Wallhausen;"1401";31.12.14;1166;630;1.030;136;157;217;133;152;186;321;654
8335043;Konstanz;"140";Wallhausen;"140";31.12.14;1166;630;1030;136;157;217;133;152;186;321;654
8335043;Konstanz;.;Stadt Konstanz;.;31.12.14;83179;43402;72092;11087;11742;20164;10087;10752;10666;19768;47114
8335043;Konstanz;"010";Altstadt;"0101";31.12.13;1300;650;1023;277;132;414;250;186;126;192;889
8335043;Konstanz;"010";Altstadt;"0102";31.12.13;1713;847;1382;331;221;430;287;256;206;313;1060
8335043;Konstanz;"010";Altstadt;"0103";31.12.13;2823;1481;2504;319;416;576;449;427;340;615;1680
8335043;Konstanz;"010";Altstadt;"0104";31.12.13;2147;1213;1981;166;316;448;297;312;254;520;1284
8335043;Konstanz;"010";Altstadt;"0105";31.12.13;1324;710;1206;118;197;359;224;213;147;184;806
8335043;Konstanz;"010";Altstadt;"0106";31.12.13;1221;610;1064;157;84;414;236;148;134;205;855
8335043;Konstanz;"010";Altstadt;"0107";31.12.13;1395;720;1187;208;139;388;237;169;145;317;983
8335043;Konstanz;"010";Altstadt;"010";31.12.13;11923;6231;10347;1576;1505;3029;1980;1711;1352;2346;7557
8335043;Konstanz;"020";Paradies;"0201";31.12.13;2.798;1.518;2.539;259;394;489;370;439;349;757;1.667
8335043;Konstanz;"020";Paradies;"0202";31.12.13;1.534;883;1.366;168;189;271;201;202;177;494;959
8335043;Konstanz;"020";Paradies;"0203";31.12.13;1.060;442;677;383;8;1.006;37;6;*);*);678
8335043;Konstanz;"020";Paradies;"0204";31.12.13;638;320;616;22;121;120;71;110;*);*);330
8335043;Konstanz;"020";Paradies;"020";31.12.13;6.030;3.163;5.198;832;712;1.886;679;757;608;1.388;3.634
8335043;Konstanz;"030";Petershausen-West;"0301";31.12.13;1.070;535;755;315;158;307;164;136;115;190;629
8335043;Konstanz;"030";Petershausen-West;"0302";31.12.13;1.652;843;1.203;449;286;443;228;216;176;303;850
8335043;Konstanz;"030";Petershausen-West;"0303";31.12.13;5.269;2.762;4.470;799;720;1.801;768;617;549;814;3.124
8335043;Konstanz;"030";Petershausen-West;"0304";31.12.13;3.183;1.551;2.523;660;308;1.124;406;365;351;629;2.041
8335043;Konstanz;"030";Petershausen-West;"0305";31.12.13;1.716;908;1.551;165;250;383;182;252;238;411;963
8335043;Konstanz;"030";Petershausen-West;"0306";31.12.13;1.953;998;1.695;258;236;652;257;231;229;348;1.142
8335043;Konstanz;"030";Petershausen-West;"030";31.12.13;14.843;7.597;12.197;2.646;1.958;4.710;2.005;1.817;1.658;2.695;8.749
8335043;Konstanz;"035";Petershausen-Ost;"0351";31.12.13;1.927;1.082;1.697;230;250;507;223;220;230;497;1.173
8335043;Konstanz;"035";Petershausen-Ost;"0352";31.12.13;1.341;771;1.266;75;188;197;136;173;176;471;745
8335043;Konstanz;"035";Petershausen-Ost;"0353";31.12.13;1.245;659;1.151;94;182;195;121;180;182;385;726
8335043;Konstanz;"035";Petershausen-Ost;"0354";31.12.13;1.087;642;1.033;54;126;54;66;126;91;624;597
8335043;Konstanz;"035";Petershausen-Ost;"0355";31.12.13;1.338;697;1.247;91;207;275;114;193;184;365;722
8335043;Konstanz;"035";Petershausen-Ost;"035";31.12.13;6.938;3.851;6.394;544;953;1.228;660;892;863;2.342;3.963
8335043;Konstanz;"040";Koenigsbau;"0401";31.12.13;1.149;635;1.036;113;138;311;94;150;148;308;690
8335043;Konstanz;"040";Koenigsbau;"0402";31.12.13;1.525;818;1.229;296;366;261;167;235;204;292;699
8335043;Konstanz;"040";Koenigsbau;"0403";31.12.13;2.079;1.026;1.666;413;202;1.084;172;132;152;337;1.167
8335043;Konstanz;"040";Koenigsbau;"0404";31.12.13;909;474;816;93;159;188;104;111;127;220;486
8335043;Konstanz;"040";Koenigsbau;"040";31.12.13;5.662;2.953;4.747;915;865;1.844;537;628;631;1.157;3.042
8335043;Konstanz;"050";Allmannsdorf;"0501";31.12.13;1.662;897;1.566;96;269;256;151;236;221;529;865
8335043;Konstanz;"050";Allmannsdorf;"0502";31.12.13;1.313;696;1.191;122;192;281;120;185;175;360;733
8335043;Konstanz;"050";Allmannsdorf;"0503";31.12.13;2.266;1.190;2.046;220;285;567;207;306;321;580;1.313
8335043;Konstanz;"050";Allmannsdorf;"050";31.12.13;5.241;2.783;4.803;438;746;1.104;478;727;717;1.469;2.911
8335043;Konstanz;"060";Staad;"0601";31.12.13;1.015;532;941;74;127;135;98;153;126;376;576
8335043;Konstanz;"060";Staad;"0602";31.12.13;775;406;717;58;109;115;94;113;91;253;419
8335043;Konstanz;"060";Staad;"060";31.12.13;1.790;938;1.658;132;236;250;192;266;217;629;995
8335043;Konstanz;"070";Fuerstenberg;"0701";31.12.13;4.034;2.139;3.329;705;591;1.108;453;535;501;846;2.331
8335043;Konstanz;"070";Fuerstenberg;"0702";31.12.13;3.023;1.542;2.731;292;338;688;326;368;411;892;1.765
8335043;Konstanz;"070";Fuerstenberg;"0703";31.12.13;2.038;1.087;1.831;207;314;377;216;248;275;608;1.098
8335043;Konstanz;"070";Fuerstenberg;"0704";31.12.13;2.591;1.353;2.082;509;331;689;320;296;331;624;1.518
8335043;Konstanz;"070";Fuerstenberg;"070";31.12.13;11.686;6.121;9.973;1.713;1.574;2.862;1.315;1.447;1.518;2.970;6.712
8335043;Konstanz;"080";Wollmatingen;"0801";31.12.13;2.629;1.383;2.223;406;527;467;345;408;329;553;1.295
8335043;Konstanz;"080";Wollmatingen;"0802";31.12.13;2.089;1.062;1.844;245;473;352;256;405;241;362;968
8335043;Konstanz;"080";Wollmatingen;"0803";31.12.13;1.843;962;1.669;174;329;346;217;323;222;406;949
8335043;Konstanz;"080";Wollmatingen;"080";31.12.13;6.561;3.407;5.736;825;1.329;1.165;818;1.136;792;1.321;3.212
8335043;Konstanz;"090";Industriegebiet;"0901";31.12.13;790;369;589;201;122;183;102;135;113;135;426
8335043;Konstanz;"090";Industriegebiet;"0902";31.12.13;131;58;95;*);*);36;*);21;23;15;79
8335043;Konstanz;"090";Industriegebiet;"0903";31.12.13;39;12;36;*);*);6;*);7;7;13;31
8335043;Konstanz;"090";Industriegebiet;"090";31.12.13;960;439;720;240;143;225;123;163;143;163;536
8335043;Konstanz;"100";Egg;"1001";31.12.13;736;358;706;30;156;127;80;133;115;125;327
8335043;Konstanz;"100";Egg;"100";31.12.13;736;358;706;30;156;127;80;133;115;125;327
8335043;Konstanz;"110";Litzelstetten;"1101";31.12.13;1.747;910;1.611;136;268;256;169;284;222;*);898
8335043;Konstanz;"110";Litzelstetten;"1102";31.12.13;2.085;1.078;1.912;173;260;336;203;304;337;645;1.167
8335043;Konstanz;"110";Litzelstetten;"1103";31.12.13;46;16;15;31;4;14;10;8;8;*);28
8335043;Konstanz;"110";Litzelstetten;"110";31.12.13;3.878;2.004;3.538;340;532;606;382;596;567;1.195;2.093
8335043;Konstanz;"120";Dingelsdorf;"1201";31.12.13;1.799;929;1.700;99;284;328;149;265;304;469;895
8335043;Konstanz;"120";Dingelsdorf;"1202";31.12.13;339;163;305;34;44;66;30;47;65;87;172
8335043;Konstanz;"120";Dingelsdorf;"120";31.12.13;2.138;1.092;2.005;133;328;394;179;312;369;556;1.067
8335043;Konstanz;"130";Dettingen;"1301";31.12.13;1.318;677;1.241;77;217;177;130;167;195;432;630
8335043;Konstanz;"130";Dettingen;"1302";31.12.13;1.730;900;1.637;93;276;255;174;270;257;498;862
8335043;Konstanz;"130";Dettingen;"130";31.12.13;3.048;1.577;2.878;170;493;432;304;437;452;930;1.492
8335043;Konstanz;"140";Wallhausen;"1401";31.12.13;1.123;606;1.003;120;156;193;126;150;176;322;642
8335043;Konstanz;"140";Wallhausen;"140";31.12.13;1.123;606;1.003;120;156;193;126;150;176;322;642
8335043;Konstanz;.;Stadt Konstanz;.;31.12.13;82557;43120;71903;10654;11686;20055;9858;11172;10178;19608;46932
8335043;Konstanz;"010";Altstadt;"0101";31.12.12;1259;613;1.000;259;124;392;257;193;104;189;887
8335043;Konstanz;"010";Altstadt;"0102";31.12.12;1700;840;1.387;313;213;435;286;250;207;309;1055
8335043;Konstanz;"010";Altstadt;"0103";31.12.12;2850;1511;2.540;310;433;602;431;442;331;611;1721
8335043;Konstanz;"010";Altstadt;"0104";31.12.12;2131;1202;1.968;163;314;428;297;311;261;520;1257
8335043;Konstanz;"010";Altstadt;"0105";31.12.12;1303;698;1.174;129;185;355;225;204;146;188;814
8335043;Konstanz;"010";Altstadt;"0106";31.12.12;1234;620;1.069;165;92;405;239;161;131;206;875
8335043;Konstanz;"010";Altstadt;"0107";31.12.12;1417;754;1.213;204;143;387;237;195;145;310;1007
8335043;Konstanz;"010";Altstadt;"010";31.12.12;11894;6238;10351;1543;1504;3004;1972;1756;1325;2333;7616
8335043;Konstanz;"020";Paradies;"0201";31.12.12;2805;1526;2.554;251;393;489;365;461;337;760;1682
8335043;Konstanz;"020";Paradies;"0202";31.12.12;1502;870;1.343;159;182;247;209;204;157;503;929
8335043;Konstanz;"020";Paradies;"0203";31.12.12;892;380;581;311;4;852;26;8;*);*);603
8335043;Konstanz;"020";Paradies;"0204";31.12.12;614;309;591;23;117;106;72;119;*);*);315
8335043;Konstanz;"020";Paradies;"020";31.12.12;5813;3085;5069;744;696;1694;672;792;572;1387;3529
8335043;Konstanz;"030";Petershausen-West;"0301";31.12.12;970;505;762;208;130;266;142;128;115;189;595
8335043;Konstanz;"030";Petershausen-West;"0302";31.12.12;1693;851;1.232;461;308;446;235;224;171;309;848
8335043;Konstanz;"030";Petershausen-West;"0303";31.12.12;5099;2648;4.300;799;679;1759;721;621;506;813;3086
8335043;Konstanz;"030";Petershausen-West;"0304";31.12.12;2953;1464;2.334;619;291;974;379;349;336;624;1934
8335043;Konstanz;"030";Petershausen-West;"0305";31.12.12;1705;913;1.560;145;248;393;174;258;222;410;962
8335043;Konstanz;"030";Petershausen-West;"0306";31.12.12;1782;899;1.557;225;208;582;225;229;221;317;1062
8335043;Konstanz;"030";Petershausen-West;"030";31.12.12;14202;7280;11745;2457;1864;4420;1876;1809;1571;2662;8487
8335043;Konstanz;"035";Petershausen-Ost;"0351";31.12.12;1915;1111;1.704;211;252;485;208;228;220;522;1181
8335043;Konstanz;"035";Petershausen-Ost;"0352";31.12.12;1298;729;1.222;76;186;213;130;184;173;412;721
8335043;Konstanz;"035";Petershausen-Ost;"0353";31.12.12;1251;663;1.153;98;174;193;106;206;173;399;764
8335043;Konstanz;"035";Petershausen-Ost;"0354";31.12.12;1091;654;1.037;54;124;56;74;130;87;620;625
8335043;Konstanz;"035";Petershausen-Ost;"0355";31.12.12;1337;692;1.254;83;209;266;130;210;159;363;712
8335043;Konstanz;"035";Petershausen-Ost;"035";31.12.12;6892;3849;6370;522;945;1213;648;958;812;2316;4003
8335043;Konstanz;"040";Koenigsbau;"0401";31.12.12;1155;635;1.057;98;137;332;92;147;137;310;692
8335043;Konstanz;"040";Koenigsbau;"0402";31.12.12;1519;815;1.221;298;355;272;173;221;196;302;704
8335043;Konstanz;"040";Koenigsbau;"0403";31.12.12;2008;957;1.586;422;199;1008;164;154;150;333;1130
8335043;Konstanz;"040";Koenigsbau;"0404";31.12.12;887;460;803;84;153;171;110;119;116;218;470
8335043;Konstanz;"040";Koenigsbau;"040";31.12.12;5569;2867;4667;902;844;1783;539;641;599;1163;2996
8335043;Konstanz;"050";Allmannsdorf;"0501";31.12.12;1660;890;1.561;99;266;260;136;252;200;546;884
8335043;Konstanz;"050";Allmannsdorf;"0502";31.12.12;1360;719;1.238;122;213;281;125;198;183;360;754
8335043;Konstanz;"050";Allmannsdorf;"0503";31.12.12;2207;1148;1.991;216;293;531;205;307;311;560;1314
8335043;Konstanz;"050";Allmannsdorf;"050";31.12.12;5227;2757;4790;437;772;1072;466;757;694;1466;2952
8335043;Konstanz;"060";Staad;"0601";31.12.12;996;537;938;58;120;121;100;158;119;378;595
8335043;Konstanz;"060";Staad;"0602";31.12.12;765;399;720;45;105;110;93;116;93;248;418
8335043;Konstanz;"060";Staad;"060";31.12.12;1761;936;1658;103;225;231;193;274;212;626;1013
8335043;Konstanz;"070";Fuerstenberg;"0701";31.12.12;4057;2151;3.375;682;606;1109;471;558;494;819;2300
8335043;Konstanz;"070";Fuerstenberg;"0702";31.12.12;2982;1514;2.719;263;341;658;301;392;392;898;1756
8335043;Konstanz;"070";Fuerstenberg;"0703";31.12.12;2046;1092;1.847;199;320;389;191;267;255;624;1114
8335043;Konstanz;"070";Fuerstenberg;"0704";31.12.12;2578;1331;2.074;504;333;672;306;314;323;630;1518
8335043;Konstanz;"070";Fuerstenberg;"070";31.12.12;11663;6088;10015;1648;1600;2828;1269;1531;1464;2971;6688
8335043;Konstanz;"080";Wollmatingen;"0801";31.12.12;2599;1374;2.175;424;506;486;308;433;318;548;1269
8335043;Konstanz;"080";Wollmatingen;"0802";31.12.12;1956;988;1.770;186;456;287;237;392;224;360;923
8335043;Konstanz;"080";Wollmatingen;"0803";31.12.12;1802;945;1.640;162;323;330;213;316;223;397;932
8335043;Konstanz;"080";Wollmatingen;"080";31.12.12;6357;3307;5585;772;1285;1103;758;1141;765;1305;3124
8335043;Konstanz;"090";Industriegebiet;"0901";31.12.12;748;354;563;185;130;164;95;130;101;128;386
8335043;Konstanz;"090";Industriegebiet;"0902";31.12.12;121;55;93;28;16;27;18;24;20;16;73
8335043;Konstanz;"090";Industriegebiet;"0903";31.12.12;46;16;41;5;5;7;5;5;11;13;32
8335043;Konstanz;"090";Industriegebiet;"090";31.12.12;915;425;697;218;151;198;118;159;132;157;491
8335043;Konstanz;"100";Egg;"1001";31.12.12;731;353;707;24;149;135;86;133;106;122;333
8335043;Konstanz;"100";Egg;"100";31.12.12;731;353;707;24;149;135;86;133;106;122;333
8335043;Konstanz;"110";Litzelstetten;"1101";31.12.12;1716;888;1.602;114;*);246;155;287;219;*);927
8335043;Konstanz;"110";Litzelstetten;"1102";31.12.12;2060;1078;1.908;152;272;319;196;316;317;640;1145
8335043;Konstanz;"110";Litzelstetten;"1103";31.12.12;34;14;14;20;*);11;6;4;8;*);23
8335043;Konstanz;"110";Litzelstetten;"110";31.12.12;3810;1980;3524;286;537;576;357;607;544;1189;2095
8335043;Konstanz;"120";Dingelsdorf;"1201";31.12.12;1787;911;1.693;94;287;318;156;279;289;458;935
8335043;Konstanz;"120";Dingelsdorf;"1202";31.12.12;334;154;304;30;54;53;31;51;65;80;167
8335043;Konstanz;"120";Dingelsdorf;"120";31.12.12;2121;1065;1997;124;341;371;187;330;354;538;1102
8335043;Konstanz;"130";Dettingen;"1301";31.12.12;1293;676;1.216;77;209;175;119;172;192;426;625
8335043;Konstanz;"130";Dettingen;"1302";31.12.12;1768;915;1.680;88;294;277;166;285;257;489;866
8335043;Konstanz;"130";Dettingen;"130";31.12.12;3061;1591;2896;165;503;452;285;457;449;915;1491
8335043;Konstanz;"140";Wallhausen;"1401";31.12.12;1123;609;1.028;95;158;213;108;163;164;317;689
8335043;Konstanz;"140";Wallhausen;"140";31.12.12;1123;609;1028;95;158;213;108;163;164;317;689
8335043;Konstanz;.;Stadt Konstanz;.;31.12.12;81139;42430;71099;10040;11574;19293;9534;11508;9763;19467;46609
8335043;Konstanz;"010";Altstadt;"0101";31.12.11;1236;611;1.007;229;125;375;236;207;106;187;845
8335043;Konstanz;"010";Altstadt;"0102";31.12.11;1706;835;1.413;293;218;434;292;253;208;301;1056
8335043;Konstanz;"010";Altstadt;"0103";31.12.11;2887;1553;2.545;342;451;581;475;456;323;601;1727
8335043;Konstanz;"010";Altstadt;"0104";31.12.11;2114;1170;1.951;163;306;425;289;325;241;528;1239
8335043;Konstanz;"010";Altstadt;"0105";31.12.11;1300;696;1.170;130;191;345;231;222;129;182;813
8335043;Konstanz;"010";Altstadt;"0106";31.12.11;1203;610;1.033;170;101;386;218;163;128;207;841
8335043;Konstanz;"010";Altstadt;"0107";31.12.11;1420;746;1.187;233;140;379;252;200;145;304;991
8335043;Konstanz;"010";Altstadt;"010";31.12.11;11866;6221;10306;1560;1532;2925;1993;1826;1280;2310;7512
8335043;Konstanz;"020";Paradies;"0201";31.12.11;2816;1535;2.560;256;397;492;369;463;330;765;1669
8335043;Konstanz;"020";Paradies;"0202";31.12.11;1515;873;1.367;148;197;242;195;208;162;511;919
8335043;Konstanz;"020";Paradies;"0203";31.12.11;885;367;571;314;5;840;31;7;*);*);574
8335043;Konstanz;"020";Paradies;"0204";31.12.11;592;300;575;17;112;101;75;115;*);*);303
8335043;Konstanz;"020";Paradies;"020";31.12.11;5808;3075;5073;735;711;1675;670;793;563;1396;3465
8335043;Konstanz;"030";Petershausen-West;"0301";31.12.11;986;523;787;199;143;263;137;135;108;200;581
8335043;Konstanz;"030";Petershausen-West;"0302";31.12.11;1534;778;1.104;430;256;414;180;216;179;289;785
8335043;Konstanz;"030";Petershausen-West;"0303";31.12.11;4673;2433;3.928;745;570;1629;626;630;447;771;2824
8335043;Konstanz;"030";Petershausen-West;"0304";31.12.11;2917;1437;2.296;621;293;937;358;382;330;617;1854
8335043;Konstanz;"030";Petershausen-West;"0305";31.12.11;1695;918;1.527;168;268;366;177;267;220;397;960
8335043;Konstanz;"030";Petershausen-West;"0306";31.12.11;1631;814;1.399;232;180;518;187;240;205;301;989
8335043;Konstanz;"030";Petershausen-West;"030";31.12.11;13436;6903;11041;2395;1710;4127;1665;1870;1489;2575;7993
8335043;Konstanz;"035";Petershausen-Ost;"0351";31.12.11;1918;1106;1.699;219;255;476;221;246;202;518;1160
8335043;Konstanz;"035";Petershausen-Ost;"0352";31.12.11;1260;718;1.189;71;177;184;136;169;175;419;713
8335043;Konstanz;"035";Petershausen-Ost;"0353";31.12.11;1240;652;1.141;99;171;181;112;220;160;396;753
8335043;Konstanz;"035";Petershausen-Ost;"0354";31.12.11;1090;649;1.042;48;134;59;73;127;95;602;618
8335043;Konstanz;"035";Petershausen-Ost;"0355";31.12.11;1320;687;1.242;78;208;262;125;197;165;363;699
8335043;Konstanz;"035";Petershausen-Ost;"035";31.12.11;6828;3812;6313;515;945;1162;667;959;797;2298;3943
8335043;Konstanz;"040";Koenigsbau;"0401";31.12.11;1156;641;1.057;99;141;323;90;168;132;302;685
8335043;Konstanz;"040";Koenigsbau;"0402";31.12.11;1535;826;1.239;296;371;268;169;225;198;304;694
8335043;Konstanz;"040";Koenigsbau;"0403";31.12.11;1972;956;1.476;496;211;952;187;153;151;318;1085
8335043;Konstanz;"040";Koenigsbau;"0404";31.12.11;873;460;806;67;146;169;100;124;120;214;465
8335043;Konstanz;"040";Koenigsbau;"040";31.12.11;5536;2883;4578;958;869;1712;546;670;601;1138;2929
8335043;Konstanz;"050";Allmannsdorf;"0501";31.12.11;1659;886;1.574;85;273;248;136;266;187;549;876
8335043;Konstanz;"050";Allmannsdorf;"0502";31.12.11;1348;722;1.219;129;206;275;117;209;182;359;736
8335043;Konstanz;"050";Allmannsdorf;"0503";31.12.11;2267;1186;2.070;197;311;575;195;338;298;550;1338
8335043;Konstanz;"050";Allmannsdorf;"050";31.12.11;5274;2794;4863;411;790;1098;448;813;667;1458;2950
8335043;Konstanz;"060";Staad;"0601";31.12.11;985;522;928;57;117;117;99;158;122;372;582
8335043;Konstanz;"060";Staad;"0602";31.12.11;725;379;678;47;93;100;81;114;92;245;404
8335043;Konstanz;"060";Staad;"060";31.12.11;1710;901;1606;104;210;217;180;272;214;617;986
8335043;Konstanz;"070";Fuerstenberg;"0701";31.12.11;4027;2118;3.406;621;615;1068;448;606;473;817;2247
8335043;Konstanz;"070";Fuerstenberg;"0702";31.12.11;3028;1548;2.752;276;342;664;314;412;394;902;1763
8335043;Konstanz;"070";Fuerstenberg;"0703";31.12.11;2060;1078;1.863;197;317;384;195;289;243;632;1083
8335043;Konstanz;"070";Fuerstenberg;"0704";31.12.11;2565;1312;2.069;496;338;648;312;315;337;615;1487
8335043;Konstanz;"070";Fuerstenberg;"070";31.12.11;11680;6056;10090;1590;1612;2764;1269;1622;1447;2966;6580
8335043;Konstanz;"080";Wollmatingen;"0801";31.12.11;2564;1350;2.146;418;505;470;306;422;321;540;1243
8335043;Konstanz;"080";Wollmatingen;"0802";31.12.11;1862;938;1.685;177;433;272;229;366;208;354;871
8335043;Konstanz;"080";Wollmatingen;"0803";31.12.11;1806;943;1.667;139;346;304;206;346;203;401;912
8335043;Konstanz;"080";Wollmatingen;"080";31.12.11;6232;3231;5498;734;1284;1046;741;1134;732;1295;3026
8335043;Konstanz;"090";Industriegebiet;"0901";31.12.11;770;352;574;196;123;158;108;154;100;127;403
8335043;Konstanz;"090";Industriegebiet;"0902";31.12.11;121;54;95;26;*);23;20;29;16;15;71
8335043;Konstanz;"090";Industriegebiet;"0903";31.12.11;42;17;37;5;*);5;4;7;11;13;32
8335043;Konstanz;"090";Industriegebiet;"090";31.12.11;933;423;706;227;143;186;132;190;127;155;506
8335043;Konstanz;"100";Egg;"1001";31.12.11;699;336;676;23;144;136;78;133;94;114;319
8335043;Konstanz;"100";Egg;"100";31.12.11;699;336;676;23;144;136;78;133;94;114;319
8335043;Konstanz;"110";Litzelstetten;"1101";31.12.11;1739;904;1.629;110;273;241;176;302;194;*);923
8335043;Konstanz;"110";Litzelstetten;"1102";31.12.11;2034;1076;1.908;126;279;321;183;329;292;630;1127
8335043;Konstanz;"110";Litzelstetten;"1103";31.12.11;37;16;16;21;4;12;6;7;7;*);27
8335043;Konstanz;"110";Litzelstetten;"110";31.12.11;3810;1996;3553;257;556;574;365;638;493;1184;2077
8335043;Konstanz;"120";Dingelsdorf;"1201";31.12.11;1773;905;1.694;79;287;311;157;311;270;437;915
8335043;Konstanz;"120";Dingelsdorf;"1202";31.12.11;330;159;316;14;54;55;29;51;59;82;158
8335043;Konstanz;"120";Dingelsdorf;"120";31.12.11;2103;1064;2010;93;341;366;186;362;329;519;1073
8335043;Konstanz;"130";Dettingen;"1301";31.12.11;1300;665;1.224;76;217;165;117;189;191;421;629
8335043;Konstanz;"130";Dettingen;"1302";31.12.11;1755;911;1.666;89;299;244;180;283;259;490;839
8335043;Konstanz;"130";Dettingen;"130";31.12.11;3055;1576;2890;165;516;409;297;472;450;911;1468
8335043;Konstanz;"140";Wallhausen;"1401";31.12.11;1130;609;1.026;104;157;209;120;170;160;314;684
8335043;Konstanz;"140";Wallhausen;"140";31.12.11;1130;609;1026;104;157;209;120;170;160;314;684
8335043;Konstanz;.;Stadt Konstanz;.;31.12.11;80100;41880;70229;9871;11520;18606;9357;11924;9443;19250;45511
8335043;Konstanz;"010";Altstadt;"0101";31.12.10;1250;612;1.012;238;137;377;237;208;98;193;842
8335043;Konstanz;"010";Altstadt;"0102";31.12.10;1654;820;1.371;283;204;426;281;251;204;288;1001
8335043;Konstanz;"010";Altstadt;"0103";31.12.10;2877;1547;2.549;328;458;571;446;470;330;602;1680
8335043;Konstanz;"010";Altstadt;"0104";31.12.10;2109;1157;1.936;173;302;455;283;318;229;522;1222
8335043;Konstanz;"010";Altstadt;"0105";31.12.10;1309;698;1.198;111;200;352;215;240;122;180;796
8335043;Konstanz;"010";Altstadt;"0106";31.12.10;1198;613;1.041;157;101;399;192;183;120;203;807
8335043;Konstanz;"010";Altstadt;"0107";31.12.10;1365;723;1.184;181;131;360;237;207;146;284;919
8335043;Konstanz;"010";Altstadt;"010";31.12.10;11762;6170;10291;1471;1533;2940;1891;1877;1249;2272;7267
8335043;Konstanz;"020";Paradies;"0201";31.12.10;2839;1530;2.578;261;400;498;372;492;307;770;1650
8335043;Konstanz;"020";Paradies;"0202";31.12.10;1533;875;1.379;154;204;244;205;212;157;511;911
8335043;Konstanz;"020";Paradies;"0203";31.12.10;1059;405;726;333;4;1013;34;6;*);0;678
8335043;Konstanz;"020";Paradies;"0204";31.12.10;586;295;565;21;110;99;78;115;*);118;305
8335043;Konstanz;"020";Paradies;"020";31.12.10;6017;3105;5248;769;718;1854;689;825;532;1399;3544
8335043;Konstanz;"030";Petershausen-West;"0301";31.12.10;1009;544;798;211;159;262;135;137;113;203;568
8335043;Konstanz;"030";Petershausen-West;"0302";31.12.10;1519;749;1.068;451;262;401;168;232;170;286;756
8335043;Konstanz;"030";Petershausen-West;"0303";31.12.10;4481;2317;3.756;725;557;1557;601;605;405;756;2648
8335043;Konstanz;"030";Petershausen-West;"0304";31.12.10;2903;1453;2.313;590;291;928;355;393;326;610;1831
8335043;Konstanz;"030";Petershausen-West;"0305";31.12.10;1654;896;1.502;152;259;350;163;266;209;407;901
8335043;Konstanz;"030";Petershausen-West;"0306";31.12.10;1642;830;1.409;233;187;494;212;247;208;294;973
8335043;Konstanz;"030";Petershausen-West;"030";31.12.10;13208;6789;10846;2362;1715;3992;1634;1880;1431;2556;7677
8335043;Konstanz;"035";Petershausen-Ost;"0351";31.12.10;1903;1103;1.688;215;263;456;213;246;212;513;1104
8335043;Konstanz;"035";Petershausen-Ost;"0352";31.12.10;1257;715;1.179;78;171;191;136;183;160;416;693
8335043;Konstanz;"035";Petershausen-Ost;"0353";31.12.10;1251;658;1.156;95;175;177;130;211;166;392;725
8335043;Konstanz;"035";Petershausen-Ost;"0354";31.12.10;1012;617;972;40;112;57;62;116;76;589;564
8335043;Konstanz;"035";Petershausen-Ost;"0355";31.12.10;1320;679;1.232;88;213;246;127;206;156;372;682
8335043;Konstanz;"035";Petershausen-Ost;"035";31.12.10;6743;3772;6227;516;934;1127;668;962;770;2282;3768
8335043;Konstanz;"040";Koenigsbau;"0401";31.12.10;1133;619;1.047;86;145;298;96;168;121;305;645
8335043;Konstanz;"040";Koenigsbau;"0402";31.12.10;1546;826;1.243;303;384;272;168;231;186;305;683
8335043;Konstanz;"040";Koenigsbau;"0403";31.12.10;1672;872;1.221;451;206;683;163;153;157;310;893
8335043;Konstanz;"040";Koenigsbau;"0404";31.12.10;871;459;806;65;153;169;94;133;110;212;463
8335043;Konstanz;"040";Koenigsbau;"040";31.12.10;5222;2776;4317;905;888;1422;521;685;574;1132;2684
8335043;Konstanz;"050";Allmannsdorf;"0501";31.12.10;1656;887;1.573;83;268;247;133;278;177;553;862
8335043;Konstanz;"050";Allmannsdorf;"0502";31.12.10;1383;744;1.238;145;227;272;128;220;173;363;719
8335043;Konstanz;"050";Allmannsdorf;"0503";31.12.10;2229;1178;2.060;169;313;551;203;333;286;543;1258
8335043;Konstanz;"050";Allmannsdorf;"050";31.12.10;5268;2809;4871;397;808;1070;464;831;636;1459;2839
8335043;Konstanz;"060";Staad;"0601";31.12.10;1012;529;951;61;122;121;108;158;121;382;573
8335043;Konstanz;"060";Staad;"0602";31.12.10;735;381;679;56;102;106;79;103;95;250;394
8335043;Konstanz;"060";Staad;"060";31.12.10;1747;910;1630;117;224;227;187;261;216;632;967
8335043;Konstanz;"070";Fuerstenberg;"0701";31.12.10;4024;2112;3.425;599;634;1050;458;641;443;798;2196
8335043;Konstanz;"070";Fuerstenberg;"0702";31.12.10;2984;1536;2.718;266;335;655;304;415;386;889;1684
8335043;Konstanz;"070";Fuerstenberg;"0703";31.12.10;2038;1082;1.843;195;307;371;191;300;232;637;1059
8335043;Konstanz;"070";Fuerstenberg;"0704";31.12.10;2565;1311;2.049;516;322;620;324;342;329;628;1470
8335043;Konstanz;"070";Fuerstenberg;"070";31.12.10;11611;6041;10035;1576;1598;2696;1277;1698;1390;2952;6409
8335043;Konstanz;"080";Wollmatingen;"0801";31.12.10;2544;1325;2.125;419;517;451;305;420;323;528;1221
8335043;Konstanz;"080";Wollmatingen;"0802";31.12.10;1818;920;1.645;173;425;261;232;368;191;341;834
8335043;Konstanz;"080";Wollmatingen;"0803";31.12.10;1775;918;1.645;130;331;296;221;353;176;398;892
8335043;Konstanz;"080";Wollmatingen;"080";31.12.10;6137;3163;5415;722;1273;1008;758;1141;690;1267;2947
8335043;Konstanz;"090";Industriegebiet;"0901";31.12.10;744;360;560;184;130;157;95;150;90;122;385
8335043;Konstanz;"090";Industriegebiet;"0902";31.12.10;129;55;98;*);15;29;22;30;18;15;78
8335043;Konstanz;"090";Industriegebiet;"0903";31.12.10;35;12;32;*);0;4;4;5;10;12;27
8335043;Konstanz;"090";Industriegebiet;"090";31.12.10;908;427;690;218;145;190;121;185;118;149;490
8335043;Konstanz;"100";Egg;"1001";31.12.10;646;311;625;21;131;125;69;118;95;108;293
8335043;Konstanz;"100";Egg;"100";31.12.10;646;311;625;21;131;125;69;118;95;108;293
8335043;Konstanz;"110";Litzelstetten;"1101";31.12.10;1736;908;1.636;100;268;259;173;296;198;*);882
8335043;Konstanz;"110";Litzelstetten;"1102";31.12.10;2083;1111;1.960;123;302;338;186;361;282;614;1107
8335043;Konstanz;"110";Litzelstetten;"1103";31.12.10;35;13;14;21;4;10;5;9;5;*);25
8335043;Konstanz;"110";Litzelstetten;"110";31.12.10;3854;2032;3610;244;574;607;364;666;485;1158;2014
8335043;Konstanz;"120";Dingelsdorf;"1201";31.12.10;1766;913;1.684;82;291;291;164;315;274;431;847
8335043;Konstanz;"120";Dingelsdorf;"1202";31.12.10;316;156;303;13;50;45;29;50;57;85;146
8335043;Konstanz;"120";Dingelsdorf;"120";31.12.10;2082;1069;1987;95;341;336;193;365;331;516;993
8335043;Konstanz;"130";Dettingen;"1301";31.12.10;1264;651;1.199;65;200;176;107;182;181;418;608
8335043;Konstanz;"130";Dettingen;"1302";31.12.10;1805;948;1.720;85;309;269;178;297;276;476;850
8335043;Konstanz;"130";Dettingen;"130";31.12.10;3069;1599;2919;150;509;445;285;479;457;894;1458
8335043;Konstanz;"140";Wallhausen;"1401";31.12.10;1116;600;1.010;106;167;181;129;183;146;310;613
8335043;Konstanz;"140";Wallhausen;"140";31.12.10;1116;600;1010;106;167;181;129;183;146;310;613
8335043;Konstanz;.;Stadt Konstanz;.;31.12.10;79390;41573;69721;9669;11558;18220;9250;12156;9120;19086;43963